model,horizon,mae,rmse,wape,mape
Previous Hour,1,204.01259586305625,286.6455930311426,4.470566074744414,4.8830732177155864
Previous Hour,2,382.24840319449606,514.3393749421356,8.375498090401798,9.288221972491781
Previous Hour,3,528.1691302721457,691.920161313607,11.571180587170298,13.036262697965057
Previous Hour,4,645.3561049271974,834.7890174601275,14.136089343413389,16.175222028450506
Previous Hour,5,734.6886407491313,950.8784569196245,16.08863339820938,18.649707345237292
Previous Hour,6,808.1666610766384,1044.6297178020254,17.69359127256128,20.761052591367974
Previous Hour,7,862.597272299267,1110.9507151265548,18.881646107974774,22.33038055589143
Previous Hour,8,912.995612582541,1153.1187603383967,19.982062413654884,23.68570920184558
Previous Hour,9,955.071026983547,1178.4203933640908,20.90158001480401,24.806060451792682
Previous Hour,10,984.2168374377788,1189.3080665489138,21.539547085348342,25.630324137225447
Previous Hour,11,999.8777378544293,1190.227360230586,21.883869258930694,26.086881096883154
Previous Hour,12,1005.3399332963196,1192.0828425968505,22.006311956442644,26.33411687646609
Previous Hour,13,1002.0735174054018,1198.2403988642968,21.9377838884779,26.402895098684404
Previous Hour,14,987.7916330227717,1203.9948994302222,21.627847488010758,26.249528404490434
Previous Hour,15,965.590980995886,1200.754386866179,21.14312669875452,25.849169137490303
Previous Hour,16,940.6827751895145,1188.1770255072713,20.59837554793155,25.274549900232508
Previous Hour,17,917.4440856576123,1163.3004257836185,20.089920666789208,24.598039234903542
Previous Hour,18,882.1216733182721,1118.4650463877413,19.31652594737249,23.428116946269988
Previous Hour,19,833.8758249278126,1055.6859554817133,18.259940454694735,21.79363728866909
Previous Hour,20,770.1750894828699,982.9958603829991,16.86408968659756,19.76067760100604
Previous Hour,21,696.3369550881287,907.4325555366067,15.246049936130266,17.48815769191253
Previous Hour,22,619.725552164242,838.3626986216755,13.567587863279218,15.222849166813502
Previous Hour,23,555.2010307192378,791.5790366025241,12.154139026374898,13.36849922408575
Previous Hour,24,531.7621313293713,788.9066724848071,11.639875652025376,12.745779601825225
Previous Day,1,528.4916720582178,786.8764447515223,11.573445364827514,12.668319580219872
Previous Day,2,528.8589608647886,787.2421305692319,11.58038928754763,12.677795868425147
Previous Day,3,529.2354156149645,787.6143676644836,11.587001168742596,12.687068259154358
Previous Day,4,529.633866538527,787.9916079164831,11.593702093064282,12.697265616588119
Previous Day,5,529.8608154694731,788.238981717124,11.595592473499277,12.70254286916741
Previous Day,6,529.9905170845597,788.3936215536377,11.595713160878597,12.704681237749474
Previous Day,7,530.067875210998,788.5289866438485,11.59515916767695,12.705346153014046
Previous Day,8,530.128099422899,788.66096535056,11.59485340131196,12.705275277535543
Previous Day,9,530.1756862436022,788.7795242614712,11.595132553651991,12.70593512432433
Previous Day,10,530.2490920649874,788.8982281626722,11.59679809573388,12.708236004112566
Previous Day,11,530.3292766164957,789.025052343121,11.599396255429392,12.711279844404844
Previous Day,12,530.4420240908418,789.153403692971,11.603399366664412,12.715365344884733
Previous Day,13,530.6626970475352,789.3184165496108,11.60981087720723,12.721709507438925
Previous Day,14,531.0061209598081,789.5155551482272,11.618800472438865,12.730141610069765
Previous Day,15,531.1927868609476,789.6685074804778,11.623639874211047,12.73560786036294
Previous Day,16,531.3225636995979,789.7971362771289,11.626848949890297,12.739280440720716
Previous Day,17,531.4025718010637,789.9013754577417,11.628835841955052,12.741737858588076
Previous Day,18,531.5653469096427,790.0710590984563,11.632446938235127,12.745277417249905
Previous Day,19,531.8505416475416,790.3248149661644,11.638616203965041,12.750958278173236
Previous Day,20,532.1845025516367,790.5891428565466,11.645257754492171,12.757130723707387
Previous Day,21,532.5894035580693,790.8569567856036,11.653152799268303,12.764660489081026
Previous Day,22,532.9777347189751,791.0951107439334,11.660707973867403,12.771872508053747
Previous Day,23,533.1963047848787,791.1684722795212,11.664695731634588,12.77530091972582
Previous Day,24,533.4494115873716,791.3338701609697,11.669064325477278,12.779748076443646
Previous Week,1,935.1735128507682,1355.757138111901,20.480830978074355,23.589014186121247
Previous Week,2,933.7862688718856,1353.3934697854997,20.448503686816174,23.554909830959343
Previous Week,3,932.4952650643172,1351.2643069918934,20.417350480998483,23.519948351543235
Previous Week,4,931.3124286068428,1349.407452461745,20.387885002229964,23.485691687369346
Previous Week,5,931.0257529550084,1348.8713109885184,20.37618503517809,23.465374648578248
Previous Week,6,931.4989916815211,1349.3677162722051,20.38175054468527,23.462230559586242
Previous Week,7,932.1145607336781,1350.1896031622898,20.39125673474706,23.466092724746375
Previous Week,8,932.9440028138027,1351.3622174452273,20.40653656666511,23.479561667924585
Previous Week,9,933.9118829094548,1352.603106776889,20.426361713927133,23.500881018923618
Previous Week,10,934.6801525039026,1353.4526587914545,20.443271989975624,23.520166139594213
Previous Week,11,934.8783287554926,1353.5944040608829,20.449100493724476,23.528327461113925
Previous Week,12,934.3174347409604,1353.0751138033384,20.4395484739755,23.520712139199336
Previous Week,13,933.3924916613236,1352.1253397297835,20.42211021645125,23.505722573881908
Previous Week,14,932.301388258014,1350.7773435752795,20.40083819054155,23.48802557070945
Previous Week,15,931.0508299061423,1349.080477763119,20.37480134107628,23.466371638877938
Previous Week,16,929.5679748702302,1346.889947366365,20.342999707832902,23.440428385788465
Previous Week,17,928.1866458699535,1344.543440447698,20.313184409644595,23.415718076509183
Previous Week,18,927.1214127726187,1342.6882541803575,20.289958293559888,23.395266633295034
Previous Week,19,926.4691670002072,1341.5868770841205,20.275559038432412,23.3831644903591
Previous Week,20,926.0760541700032,1340.9182925011492,20.265792579916038,23.374671887942007
Previous Week,21,925.7126814931928,1340.257644883895,20.256158420894018,23.365825955693225
Previous Week,22,925.130373648002,1339.2206577003287,20.24177730712742,23.35267402553322
Previous Week,23,924.0940186839564,1337.4903923548918,20.217720984481456,23.329111767059345
Previous Week,24,922.9819327369463,1335.250210294077,20.191362229599385,23.303575421418323
LightGBM,1,338.4610074692833,450.4816435753272,7.416759201631219,7.273540307277172
LightGBM,2,340.05873597313354,452.8592463579989,7.45107440597528,7.302719357707339
LightGBM,3,344.0723593454417,457.0664332664618,7.537970655324805,7.389276759908435
LightGBM,4,347.4477565219834,461.5390101631981,7.610608299610604,7.458431997622039
LightGBM,5,350.6497474807235,466.77501874676454,7.678729363012442,7.507158631295378
LightGBM,6,352.5750527134973,470.4730599651002,7.719099507648202,7.518191716459547
LightGBM,7,354.61533726868794,473.62995619202525,7.762279707794496,7.556197376543469
LightGBM,8,356.9211183450595,476.6888046382481,7.811669590994555,7.598739446199356
LightGBM,9,359.0725715979338,479.4428781459296,7.858247056325945,7.641646220466342
LightGBM,10,359.37265090098134,481.34197142836723,7.864856443037128,7.646582488728459
LightGBM,11,362.11687248498254,485.61142439635967,7.925487280993902,7.707845421935512
LightGBM,12,364.7170192505842,488.78463253408245,7.983445435352664,7.7657094176901555
LightGBM,13,369.46000659196727,494.7194897348925,8.088362419791562,7.846237961127916
LightGBM,14,374.9020186195519,503.09693848680763,8.208536507682805,7.93887699904304
LightGBM,15,378.2669565868034,509.0234342091685,8.282747401822652,8.007425696043862
LightGBM,16,384.00147390276715,516.7231322833653,8.408580213255085,8.126958318084757
LightGBM,17,388.37059621026754,522.129288858337,8.504425053419236,8.214824258512914
LightGBM,18,388.83545361124357,523.0559058974989,8.514641864184155,8.22473133328744
LightGBM,19,391.6102235976772,524.7897123364315,8.575352769055646,8.287748534121206
LightGBM,20,394.494926535442,527.2723454136,8.63803297827822,8.344716900350027
LightGBM,21,397.67217444826207,531.3579599056574,8.706890802715451,8.401956260189886
LightGBM,22,400.96645871016904,536.7761821726498,8.778317498414797,8.464596445509057
LightGBM,23,405.37942908826676,544.2594343892958,8.874331398824179,8.562772002850673
LightGBM,24,409.03634134488453,550.6227175541123,8.953499826155987,8.659852529433524